name;term;party;city;birth_year
Ali KÜÇÜKAYDIN;24;AK PARTÝ;ADANA;1948
Ali HALAMAN;24;MHP;ADANA;1954.0
Ali DEMÝRÇALI;24;CHP;ADANA;1965.0
Fatoþ GÜRKAN;24;AK PARTÝ;ADANA;1966
Mehmet Necati ÇETÝNKAYA;24;AK PARTÝ;ADANA;1943.0
Mehmet Þükrü ERDÝNÇ;24;AK PARTÝ;ADANA;1976
Muharrem VARLI;24;MHP;ADANA;1969.0
Murat BOZLAK;24;HDP;ADANA;1952.0
Necdet ÜNÜVAR;24;AK PARTÝ;ADANA;1960
Osman Faruk LOÐOÐLU;24;CHP;ADANA;1941.0
Ömer ÇELÝK;24;AK PARTÝ;ADANA;1968.0
Seyfettin YILMAZ;24;MHP;ADANA;1968.0
Turgay DEVELÝ;24;CHP;ADANA;1962
Ümit ÖZGÜMÜÞ;24;CHP;ADANA;1956.0
Ahmet AYDIN;24;AK PARTÝ;ADIYAMAN;1971
Mehmet ERDOÐAN;24;AK PARTÝ;ADIYAMAN;1964.0
Mehmet METÝNER;24;AK PARTÝ;ADIYAMAN;1960.0
Muhammed Murtaza YETÝÞ;24;AK PARTÝ;ADIYAMAN;1972.0
Salih FIRAT;24;AK PARTÝ;ADIYAMAN;1960.0
Ahmet TOPTAÞ;24;CHP;AFYONKARAHÝSAR;1949.0
Halil ÜRÜN;24;AK PARTÝ;AFYONKARAHÝSAR;1968.0
Kemalettin YILMAZ;24;MHP;AFYONKARAHÝSAR;1956.0
Sait AÇBA;24;AK PARTÝ;AFYONKARAHÝSAR;1950.0
Veysel EROÐLU;24;AK PARTÝ;AFYONKARAHÝSAR;1948.0
Ekrem ÇELEBÝ;24;AK PARTÝ;AÐRI;1965.0
Fatma SALMAN;24;AK PARTÝ;AÐRI;1970.0
Halil AKSOY;24;HDP;AÐRI;1948.0
Mehmet Kerim YILDIZ;24;AK PARTÝ;AÐRI;1965
Ali Rýza ALABOYUN;24;AK PARTÝ;AKSARAY;1957.0
Ýlknur ÝNCEÖZ;24;AK PARTÝ;AKSARAY;1973.0
Ruhi AÇIKGÖZ;24;AK PARTÝ;AKSARAY;1963.0
Avni ERDEMÝR;24;AK PARTÝ;AMASYA;1964.0
Mehmet Naci BOSTANCI;24;AK PARTÝ;AMASYA;1957.0
Ramis TOPAL;24;CHP;AMASYA;1960.0
Ahmet ÝYÝMAYA;24;AK PARTÝ;ANKARA;1950.0
Ali BABACAN;24;AK PARTÝ;ANKARA;1967.0
Aylin NAZLIAKA;24;CHP;ANKARA;1968.0
Ayþe Gülsün BÝLGEHAN;24;CHP;ANKARA;1957.0
Bülent GEDÝKLÝ;24;AK PARTÝ;ANKARA;1964
Bülent KUÞOÐLU;24;CHP;ANKARA;1958
Cemil ÇÝÇEK;24;AK PARTÝ;ANKARA;1946.0
Cevdet ERDÖL;24;AK PARTÝ;ANKARA;1958
Emine Ülker TARHAN;24;ANAPARTÝ;ANKARA;1963.0
Emrullah ÝÞLER;24;AK PARTÝ;ANKARA;1960.0
Fatih ÞAHÝN;24;AK PARTÝ;ANKARA;1979
Gökhan GÜNAYDIN;24;CHP;ANKARA;1964
Haluk ÝPEK;24;AK PARTÝ;ANKARA;1963.0
Ýzzet ÇETÝN;24;CHP;ANKARA;1953.0
Levent GÖK;24;CHP;ANKARA;1959.0
Mehmet Emrehan HALICI;24;E-PARTÝ;ANKARA;1956.0
Mustafa ERDEM;24;MHP;ANKARA;1957.0
Nazmi Haluk ÖZDALGA;24;BAÐIMSIZ;ANKARA;1948
Nurdan ÞANLI;24;AK PARTÝ;ANKARA;1954.0
Özcan YENÝÇERÝ;24;MHP;ANKARA;1954
Seyit SERTÇELÝK;24;AK PARTÝ;ANKARA;1964.0
Sinan Aydýn AYGÜN;24;CHP;ANKARA;1959.0
Süleyman Sencer AYATA;24;CHP;ANKARA;1949
Tülay SELAMOÐLU;24;AK PARTÝ;ANKARA;1966.0
Ülker GÜZEL;24;AK PARTÝ;ANKARA;1944.0
Yalçýn AKDOÐAN;24;AK PARTÝ;ANKARA;1969.0
Yýldýrým Tuðrul TÜRKEÞ;24;MHP;ANKARA;1954
Zelkif KAZDAL;24;AK PARTÝ;ANKARA;1975.0
Arif BULUT;24;CHP;ANTALYA;1963.0
Deniz BAYKAL;24;CHP;ANTALYA;1938.0
Gökcen ÖZDOÐAN ENÇ;24;AK PARTÝ;ANTALYA;1976.0
Gürkut ACAR;24;CHP;ANTALYA;1948
Hüseyin SAMANÝ;24;AK PARTÝ;ANTALYA;1964.0
Mehmet GÜNAL;24;MHP;ANTALYA;1964.0
Mehmet Vecdi GÖNÜL;24;AK PARTÝ;ANTALYA;1939.0
Menderes M. Tevfik TÜREL;24;AK PARTÝ;ANTALYA;1964
Mevlüt ÇAVUÞOÐLU;24;AK PARTÝ;ANTALYA;1968.0
Osman KAPTAN;24;CHP;ANTALYA;1946.0
Sadýk BADAK;24;AK PARTÝ;ANTALYA;1955.0
Tunca TOSKAY;24;MHP;ANTALYA;1939.0
Yýldýray SAPAN;24;CHP;ANTALYA;1967
Yusuf Ziya ÝRBEÇ;24;MHP;ANTALYA;1959.0
Ensar ÖÐÜT;24;CHP;ARDAHAN;1946.0
Orhan ATALAY;24;AK PARTÝ;ARDAHAN;1965.0
Ýsrafil KIÞLA;24;AK PARTÝ;ARTVÝN;1959.0
Uður BAYRAKTUTAN;24;CHP;ARTVÝN;1965.0
Ali UZUNIRMAK;24;MHP;AYDIN;1958.0
Ali Gültekin KILINÇ;24;AK PARTÝ;AYDIN;1959.0
Bülent TEZCAN;24;CHP;AYDIN;1965.0
Mehmet ERDEM;24;AK PARTÝ;AYDIN;1966.0
Metin Lütfi BAYDAR;24;CHP;AYDIN;1960
Osman AYDIN;24;CHP;AYDIN;1955.0
Semiha ÖYÜÞ;24;AK PARTÝ;AYDIN;1960.0
Ahmet Duran BULUT;24;MHP;BALIKESÝR;1953.0
Ahmet Edip UÐUR;24;AK PARTÝ;BALIKESÝR;1950.0
Ali AYDINLIOÐLU;24;AK PARTÝ;BALIKESÝR;1958.0
Ayþe Nedret AKOVA;24;CHP;BALIKESÝR;1948.0
Haluk Ahmet GÜMÜÞ;24;CHP;BALIKESÝR;1960.0
Mehmet Cemal ÖZTAYLAN;24;AK PARTÝ;BALIKESÝR;1954.0
Namýk HAVUTÇA;24;CHP;BALIKESÝR;1957.0
Tülay BABUÞCU;24;AK PARTÝ;BALIKESÝR;1976
Muhammet Rýza YALÇINKAYA;24;CHP;BARTIN;1955.0
Yýlmaz TUNÇ;24;AK PARTÝ;BARTIN;1971
Ayla AKAT ATA;24;HDP;BATMAN;1976.0
Bengi YILDIZ;24;HDP;BATMAN;1965.0
Mehmet ÞÝMÞEK;24;AK PARTÝ;BATMAN;1967
Ziver ÖZDEMÝR;24;AK PARTÝ;BATMAN;1965.0
Bünyamin ÖZBEK;24;AK PARTÝ;BAYBURT;1973.0
Bahattin ÞEKER;24;MHP;BÝLECÝK;1956.0
Fahrettin POYRAZ;24;AK PARTÝ;BÝLECÝK;1968.0
Cevdet YILMAZ;24;AK PARTÝ;BÝNGÖL;1967.0
Eþref TAÞ;24;AK PARTÝ;BÝNGÖL;1965.0
Ýdris BALUKEN;24;HDP;BÝNGÖL;1976.0
Hüsamettin ZENDERLÝOÐLU;24;HDP;BÝTLÝS;1949
Vahit KÝLER;24;AK PARTÝ;BÝTLÝS;1966.0
Vedat DEMÝRÖZ;24;AK PARTÝ;BÝTLÝS;1956.0
Ali ERCOÞKUN;24;AK PARTÝ;BOLU;1971.0
Fehmi KÜPÇÜ;24;AK PARTÝ;BOLU;1974.0
Tanju ÖZCAN;24;CHP;BOLU;1973.0
Bayram ÖZÇELÝK;24;AK PARTÝ;BURDUR;1966
Hasan Hami YILDIRIM;24;BAÐIMSIZ;BURDUR;1963.0
Ramazan Kerim ÖZKAN;24;CHP;BURDUR;1958.0
Aykan ERDEMÝR;24;CHP;BURSA;1974.0
Bedrettin YILDIRIM;24;AK PARTÝ;BURSA;1951.0
Bülent ARINÇ;24;AK PARTÝ;BURSA;1948.0
Canan CANDEMÝR ÇELÝK;24;AK PARTÝ;BURSA;1974.0
Hakan ÇAVUÞOÐLU;24;AK PARTÝ;BURSA;1972.0
Hüseyin ÞAHÝN;24;AK PARTÝ;BURSA;1968
Ýlhan DEMÝRÖZ;24;CHP;BURSA;1951.0
Ýsmail AYDIN;24;AK PARTÝ;BURSA;1971.0
Ýsmet SU;24;AK PARTÝ;BURSA;1959.0
Ýsmet BÜYÜKATAMAN;24;MHP;BURSA;1953.0
Kemal EKÝNCÝ;24;CHP;BURSA;1948.0
Mustafa ÖZTÜRK;24;AK PARTÝ;BURSA;1965
Mustafa Kemal ÞERBETÇÝOÐLU;24;AK PARTÝ;BURSA;1969.0
Necati ÖZENSOY;24;MHP;BURSA;1961.0
Önder MATLI;24;AK PARTÝ;BURSA;1972.0
Sena KALELÝ;24;CHP;BURSA;1956.0
Turhan TAYAN;24;CHP;BURSA;1943.0
Tülin ERKAL KARA;24;AK PARTÝ;BURSA;1969.0
Ali SARIBAÞ;24;CHP;ÇANAKKALE;1955.0
Ýsmail KAÞDEMÝR;24;AK PARTÝ;ÇANAKKALE;1978
Mehmet DANÝÞ;24;AK PARTÝ;ÇANAKKALE;1971.0
Mustafa Serdar SOYDAN;24;CHP;ÇANAKKALE;1967.0
Hüseyin FÝLÝZ;24;AK PARTÝ;ÇANKIRI;1958.0
Ýdris ÞAHÝN;24;AK PARTÝ;ÇANKIRI;1974.0
Cahit BAÐCI;24;AK PARTÝ;ÇORUM;1964.0
Murat YILDIRIM;24;AK PARTÝ;ÇORUM;1958.0
Salim USLU;24;AK PARTÝ;ÇORUM;1955.0
Tufan KÖSE;24;CHP;ÇORUM;1967.0
Adnan KESKÝN;24;CHP;DENÝZLÝ;1942.0
Bilal UÇAR;24;AK PARTÝ;DENÝZLÝ;1969
Emin Haluk AYHAN;24;MHP;DENÝZLÝ;1957.0
Ýlhan CÝHANER;24;CHP;DENÝZLÝ;1968.0
Mehmet YÜKSEL;24;AK PARTÝ;DENÝZLÝ;1955
Nihat ZEYBEKCÝ;24;AK PARTÝ;DENÝZLÝ;1961.0
Nurcan DALBUDAK;24;AK PARTÝ;DENÝZLÝ;1979.0
Altan TAN;24;HDP;DÝYARBAKIR;1958.0
Cuma ÝÇTEN;24;AK PARTÝ;DÝYARBAKIR;1973.0
Emine AYNA;24;DBP;DÝYARBAKIR;1968.0
Leyla ZANA;24;HDP;DÝYARBAKIR;1961.0
Mehmet Galip ENSARÝOÐLU;24;AK PARTÝ;DÝYARBAKIR;1966.0
Mehmet Mehdi EKER;24;AK PARTÝ;DÝYARBAKIR;1956.0
Mehmet Süleyman HAMZAOÐULLARI;24;AK PARTÝ;DÝYARBAKIR;1975.0
Mine LÖK BEYAZ;24;AK PARTÝ;DÝYARBAKIR;1973
Nursel AYDOÐAN;24;HDP;DÝYARBAKIR;1958.0
Oya ERONAT;24;AK PARTÝ;DÝYARBAKIR;1962.0
Þerafettin ELÇÝ;24;KADEP;DÝYARBAKIR;1938.0
Fevai ARSLAN;24;AK PARTÝ;DÜZCE;1966.0
Ýbrahim KORKMAZ;24;AK PARTÝ;DÜZCE;1960.0
Osman ÇAKIR;24;AK PARTÝ;DÜZCE;1964.0
Kemal DEÐÝRMENDERELÝ;24;CHP;EDÝRNE;1958.0
Mehmet MÜEZZÝNOÐLU;24;AK PARTÝ;EDÝRNE;1955
Recep GÜRKAN;24;CHP;EDÝRNE;1964
Enver ERDEM;24;MHP;ELAZIÐ;1963.0
Faruk SEPTÝOÐLU;24;AK PARTÝ;ELAZIÐ;1961
Sermin BALIK;24;AK PARTÝ;ELAZIÐ;1972.0
Þuay ALPAY;24;AK PARTÝ;ELAZIÐ;1960.0
Zülfü DEMÝRBAÐ;24;AK PARTÝ;ELAZIÐ;1956
Muharrem IÞIK;24;CHP;ERZÝNCAN;1966.0
Sebahattin KARAKELLE;24;AK PARTÝ;ERZÝNCAN;1950
Adnan YILMAZ;24;AK PARTÝ;ERZURUM;1953.0
Cengiz YAVÝLÝOÐLU;24;AK PARTÝ;ERZURUM;1970.0
Fazilet DAÐCI ÇIÐLIK;24;AK PARTÝ;ERZURUM;1973.0
Muhyettin AKSAK;24;AK PARTÝ;ERZURUM;1957.0
Oktay ÖZTÜRK;24;MHP;ERZURUM;1951
Recep AKDAÐ;24;AK PARTÝ;ERZURUM;1960.0
Bedii Süheyl BATUM;24;BAÐIMSIZ;ESKÝÞEHÝR;1955.0
Kazým KURT;24;CHP;ESKÝÞEHÝR;1957.0
Nabi AVCI;24;AK PARTÝ;ESKÝÞEHÝR;1953
Ruhsar DEMÝREL;24;MHP;ESKÝÞEHÝR;1963.0
Salih KOCA;24;AK PARTÝ;ESKÝÞEHÝR;1972.0
Ülker CAN;24;AK PARTÝ;ESKÝÞEHÝR;1963.0
Abdullah Nejat KOÇER;24;AK PARTÝ;GAZÝANTEP;1963.0
Ali ÞAHÝN;24;AK PARTÝ;GAZÝANTEP;1970.0
Ali SERÝNDAÐ;24;CHP;GAZÝANTEP;1951.0
Derya BAKBAK;24;AK PARTÝ;GAZÝANTEP;1972.0
Edip Semih YALÇIN;24;MHP;GAZÝANTEP;1958.0
Fatma ÞAHÝN;24;AK PARTÝ;GAZÝANTEP;1966
Hüseyin ÇELÝK;24;AK PARTÝ;GAZÝANTEP;1959.0
Ýbrahim Halil MAZICIOÐLU;24;AK PARTÝ;GAZÝANTEP;1960.0
Mehmet SARI;24;AK PARTÝ;GAZÝANTEP;1968.0
Mehmet ERDOÐAN;24;AK PARTÝ;GAZÝANTEP;1956
Mehmet ÞEKER;24;CHP;GAZÝANTEP;1963
Þamil TAYYAR;24;AK PARTÝ;GAZÝANTEP;1965.0
Adem TATLI;24;AK PARTÝ;GÝRESUN;1968.0
Mehmet GELDÝ;24;AK PARTÝ;GÝRESUN;1960.0
Nurettin CANÝKLÝ;24;AK PARTÝ;GÝRESUN;1960.0
Selahattin KARAAHMETOÐLU;24;CHP;GÝRESUN;1960.0
Feramuz ÜSTÜN;24;AK PARTÝ;GÜMÜÞHANE;1970
Kemalettin AYDIN;24;AK PARTÝ;GÜMÜÞHANE;1962
Adil ZOZANÝ;24;HDP;HAKKARÝ;1970
Esat CANAN;24;HDP;HAKKARÝ;1950
Selahattin DEMÝRTAÞ;24;HDP;HAKKARÝ;1973.0
Adem YEÞÝLDAL;24;AK PARTÝ;HATAY;1976.0
Adnan Þefik ÇÝRKÝN;24;MHP;HATAY;1962.0
Hacý Bayram TÜRKOÐLU;24;AK PARTÝ;HATAY;1954
Hasan AKGÖL;24;CHP;HATAY;1966.0
Mehmet ÖNTÜRK;24;AK PARTÝ;HATAY;1970.0
Mehmet Ali EDÝBOÐLU;24;CHP;HATAY;1968.0
Mevlüt DUDU;24;CHP;HATAY;1966.0
Orhan KARASAYAR;24;AK PARTÝ;HATAY;1965
Refik ERYILMAZ;24;CHP;HATAY;1964
Sadullah ERGÝN;24;AK PARTÝ;HATAY;1964.0
Pervin BULDAN;24;HDP;IÐDIR;1967
Sinan OÐAN;24;MHP;IÐDIR;1969.0
Ali Haydar ÖNER;24;CHP;ISPARTA;1948.0
Recep ÖZEL;24;AK PARTÝ;ISPARTA;1969.0
Süleyman Nevzat KORKMAZ;24;MHP;ISPARTA;1965.0
Süreyya Sadi BÝLGÝÇ;24;AK PARTÝ;ISPARTA;1961.0
Abdullah Levent TÜZEL;24;HDP;ÝSTANBUL;1961.0
Abdülkadir AKSU;24;AK PARTÝ;ÝSTANBUL;1944.0
Ahmet Baha ÖÐÜTKEN;24;AK PARTÝ;ÝSTANBUL;1961
Ahmet Haldun ERTÜRK;24;AK PARTÝ;ÝSTANBUL;1955.0
Ahmet Kutalmýþ TÜRKEÞ;24;BAÐIMSIZ;ÝSTANBUL;1978.0
Alev DEDEGÝL;24;AK PARTÝ;ÝSTANBUL;1958
Ali ÖZGÜNDÜZ;24;CHP;ÝSTANBUL;1965.0
Atila KAYA;24;MHP;ÝSTANBUL;1957
Aydýn Aðan AYAYDIN;24;CHP;ÝSTANBUL;1951.0
Aykut ERDOÐDU;24;CHP;ÝSTANBUL;1972.0
Ayþe Eser DANIÞOÐLU;24;CHP;ÝSTANBUL;1962
Ayþe Nur BAHÇEKAPILI;24;AK PARTÝ;ÝSTANBUL;1954.0
Bihlun TAMAYLIGÝL;24;CHP;ÝSTANBUL;1966.0
Binnaz TOPRAK;24;CHP;ÝSTANBUL;1942.0
Burhan KUZU;24;AK PARTÝ;ÝSTANBUL;1955.0
Bülent TURAN;24;AK PARTÝ;ÝSTANBUL;1975.0
Celal ADAN;24;MHP;ÝSTANBUL;1951
Celal DÝNÇER;24;CHP;ÝSTANBUL;1957
Durmuþali TORLAK;24;MHP;ÝSTANBUL;1962.0
Egemen BAÐIÞ;24;AK PARTÝ;ÝSTANBUL;1970.0
Ekrem ERDEM;24;AK PARTÝ;ÝSTANBUL;1948.0
Engin ALAN;24;MHP;ÝSTANBUL;1945
Enver YILMAZ;24;AK PARTÝ;ÝSTANBUL;1970
Ercan CENGÝZ;24;MEP;ÝSTANBUL;1957
Erdoðan TOPRAK;24;CHP;ÝSTANBUL;1959.0
Erol KAYA;24;AK PARTÝ;ÝSTANBUL;1959
Faik TUNAY;24;CHP;ÝSTANBUL;1981.0
Fatma Nur SERTER;24;CHP;ÝSTANBUL;1948.0
Ferit Mevlüt ASLANOÐLU;24;CHP;ÝSTANBUL;1952
Feyzullah KIYIKLIK;24;AK PARTÝ;ÝSTANBUL;1949.0
Gülay DALYAN;24;AK PARTÝ;ÝSTANBUL;1962.0
Gürsel TEKÝN;24;CHP;ÝSTANBUL;1964.0
Gürsoy EROL;24;AK PARTÝ;ÝSTANBUL;1956
Hakan ÞÜKÜR;24;BAÐIMSIZ;ÝSTANBUL;1971
Halide ÝNCEKARA;24;AK PARTÝ;ÝSTANBUL;1959.0
Haluk EYÝDOÐAN;24;CHP;ÝSTANBUL;1950.0
Harun KARACA;24;AK PARTÝ;ÝSTANBUL;1962.0
Hüseyin BÜRGE;24;AK PARTÝ;ÝSTANBUL;1955.0
Ýbrahim YÝÐÝT;24;AK PARTÝ;ÝSTANBUL;1947
Ýdris GÜLLÜCE;24;AK PARTÝ;ÝSTANBUL;1950.0
Ýhsan ÖZKES;24;CHP;ÝSTANBUL;1957.0
Ýhsan BARUTÇU;24;BAÐIMSIZ;ÝSTANBUL;1959
Ýsmail SAFÝ;24;AK PARTÝ;ÝSTANBUL;1968.0
Ýsmet UÇMA;24;AK PARTÝ;ÝSTANBUL;1955.0
Kadir Gökmen ÖÐÜT;24;CHP;ÝSTANBUL;1959.0
Kemal KILIÇDAROÐLU;24;CHP;ÝSTANBUL;1948
Mahmut TANAL;24;CHP;ÝSTANBUL;1961.0
Mehmet MUÞ;24;AK PARTÝ;ÝSTANBUL;1982.0
Mehmet DOMAÇ;24;AK PARTÝ;ÝSTANBUL;1950
Mehmet Akif HAMZAÇEBÝ;24;CHP;ÝSTANBUL;1953.0
Mehmet Doðan KUBAT;24;AK PARTÝ;ÝSTANBUL;1969.0
Melda ONUR;24;CHP;ÝSTANBUL;1964
Meral AKÞENER;24;MHP;ÝSTANBUL;1956.0
Metin KÜLÜNK;24;AK PARTÝ;ÝSTANBUL;1960.0
Mihrimah Belma SATIR;24;AK PARTÝ;ÝSTANBUL;1961.0
Muhammed ÇETÝN;24;BAÐIMSIZ;ÝSTANBUL;1963.0
Muhammet Bilal MACÝT;24;AK PARTÝ;ÝSTANBUL;1984
Murat BAÞESGÝOÐLU;24;MHP;ÝSTANBUL;1955.0
Mustafa ATAÞ;24;AK PARTÝ;ÝSTANBUL;1957
Mustafa ÞENTOP;24;AK PARTÝ;ÝSTANBUL;1968.0
Mustafa Sezgin TANRIKULU;24;CHP;ÝSTANBUL;1963.0
Müslim SARI;24;CHP;ÝSTANBUL;1974.0
Nimet BAÞ;24;AK PARTÝ;ÝSTANBUL;1965.0
Nureddin NEBATÝ;24;AK PARTÝ;ÝSTANBUL;1964
Oktay SARAL;24;AK PARTÝ;ÝSTANBUL;1967.0
Osman BOYRAZ;24;AK PARTÝ;ÝSTANBUL;1974.0
Osman Aþkýn BAK;24;AK PARTÝ;ÝSTANBUL;1966.0
Osman Oktay EKÞÝ;24;CHP;ÝSTANBUL;1932.0
Osman Taney KORUTÜRK;24;CHP;ÝSTANBUL;1944.0
Ömer DÝNÇER;24;AK PARTÝ;ÝSTANBUL;1956.0
Recep Tayyip ERDOÐAN;24;AK PARTÝ;ÝSTANBUL;1954
Sabahat AKKÝRAY;24;CHP;ÝSTANBUL;1955
Sebahat TUNCEL;24;HDP;ÝSTANBUL;1975.0
Sedef KÜÇÜK;24;CHP;ÝSTANBUL;1958.0
Sevim SAVAÞER;24;AK PARTÝ;ÝSTANBUL;1953.0
Sýrrý Süreyya ÖNDER;24;HDP;ÝSTANBUL;1962.0
Süleyman ÇELEBÝ;24;CHP;ÝSTANBUL;1944
Þafak PAVEY;24;CHP;ÝSTANBUL;1976.0
Þirin ÜNAL;24;AK PARTÝ;ÝSTANBUL;1954
Tülay KAYNARCA;24;AK PARTÝ;ÝSTANBUL;1969.0
Türkan DAÐOÐLU;24;AK PARTÝ;ÝSTANBUL;1945
Umut ORAN;24;CHP;ÝSTANBUL;1962.0
Ünal KACIR;24;AK PARTÝ;ÝSTANBUL;1953
Volkan BOZKIR;24;AK PARTÝ;ÝSTANBUL;1950.0
Ahmet Kenan TANRIKULU;24;MHP;ÝZMÝR;1958.0
Alaattin YÜKSEL;24;CHP;ÝZMÝR;1950
Ali AÞLIK;24;AK PARTÝ;ÝZMÝR;1973.0
Aydýn ÞENGÜL;24;AK PARTÝ;ÝZMÝR;1968
Aytun ÇIRAY;24;CHP;ÝZMÝR;1957.0
Binali YILDIRIM;24;AK PARTÝ;ÝZMÝR;1955.0
Birgül AYMAN GÜLER;24;BAÐIMSIZ;ÝZMÝR;1961.0
Erdal KALKAN;24;BAÐIMSIZ;ÝZMÝR;1946
Erdal AKSÜNGER;24;CHP;ÝZMÝR;1968.0
Ertuðrul GÜNAY;24;BAÐIMSIZ;ÝZMÝR;1948
Hamza DAÐ;24;AK PARTÝ;ÝZMÝR;1980.0
Hülya GÜVEN;24;CHP;ÝZMÝR;1951
Ýlhan ÝÞBÝLEN;24;BAÐIMSIZ;ÝZMÝR;1946
Ýlknur DENÝZLÝ;24;AK PARTÝ;ÝZMÝR;1964.0
Mehmet Ali SUSAM;24;CHP;ÝZMÝR;1956
Mehmet Sayým TEKELÝOÐLU;24;AK PARTÝ;ÝZMÝR;1950
Musa ÇAM;24;CHP;ÝZMÝR;1953.0
Mustafa MOROÐLU;24;CHP;ÝZMÝR;1958.0
Mustafa Ali BALBAY;24;CHP;ÝZMÝR;1960.0
Nesrin ULEMA;24;AK PARTÝ;ÝZMÝR;1971.0
Oðuz OYAN;24;CHP;ÝZMÝR;1947
Oktay VURAL;24;MHP;ÝZMÝR;1956.0
Rahmi Aþkýn TÜRELÝ;24;CHP;ÝZMÝR;1963.0
Rýfat SAÝT;24;AK PARTÝ;ÝZMÝR;1966
Rýza Mahmut TÜRMEN;24;CHP;ÝZMÝR;1941
Þükran Güldal MUMCU;24;CHP;ÝZMÝR;1951
Durdu ÖZBOLAT;24;CHP;KAHRAMANMARAÞ;1962.0
Mahir ÜNAL;24;AK PARTÝ;KAHRAMANMARAÞ;1966
Mehmet SAÐLAM;24;AK PARTÝ;KAHRAMANMARAÞ;1938
Mesut DEDEOÐLU;24;MHP;KAHRAMANMARAÞ;1960.0
Nevzat PAKDÝL;24;AK PARTÝ;KAHRAMANMARAÞ;1950.0
Sevda BAYAZIT KAÇAR;24;AK PARTÝ;KAHRAMANMARAÞ;1974
Sýtký GÜVENÇ;24;AK PARTÝ;KAHRAMANMARAÞ;1961.0
Yýldýrým Mehmet RAMAZANOÐLU;24;AK PARTÝ;KAHRAMANMARAÞ;1956.0
Mehmet Ali ÞAHÝN;24;AK PARTÝ;KARABÜK;1950.0
Osman KAHVECÝ;24;AK PARTÝ;KARABÜK;1950.0
Lütfi ELVAN;24;AK PARTÝ;KARAMAN;1962.0
Mevlüt AKGÜN;24;AK PARTÝ;KARAMAN;1966.0
Ahmet ARSLAN;24;AK PARTÝ;KARS;1962.0
Mülkiye BÝRTANE;24;HDP;KARS;1964
Yunus KILIÇ;24;AK PARTÝ;KARS;1965.0
Emin ÇINAR;24;MHP;KASTAMONU;1967.0
Hakký KÖYLÜ;24;AK PARTÝ;KASTAMONU;1948.0
Mustafa Gökhan GÜLÞEN;24;AK PARTÝ;KASTAMONU;1970.0
Ahmet ÖKSÜZKAYA;24;BAÐIMSIZ;KAYSERÝ;1960.0
Ýsmail TAMER;24;AK PARTÝ;KAYSERÝ;1956.0
Mehmet Þevki KULKULOÐLU;24;CHP;KAYSERÝ;1965
Mustafa ELÝTAÞ;24;AK PARTÝ;KAYSERÝ;1957.0
Pelin GÜNDEÞ BAKIR;24;AK PARTÝ;KAYSERÝ;1972
Sadýk YAKUT;24;AK PARTÝ;KAYSERÝ;1956
Taner YILDIZ;24;AK PARTÝ;KAYSERÝ;1962.0
Yaþar KARAYEL;24;AK PARTÝ;KAYSERÝ;1950.0
Yusuf HALAÇOÐLU;24;MHP;KAYSERÝ;1949.0
Beþir ATALAY;24;AK PARTÝ;KIRIKKALE;1947.0
Oðuz Kaðan KÖKSAL;24;AK PARTÝ;KIRIKKALE;1948.0
Ramazan CAN;24;AK PARTÝ;KIRIKKALE;1970.0
Mehmet Siyam KESÝMOÐLU;24;CHP;KIRKLARELÝ;1960
Þenol GÜRÞAN;24;AK PARTÝ;KIRKLARELÝ;1964
Turgut DÝBEK;24;CHP;KIRKLARELÝ;1966.0
Abdullah ÇALIÞKAN;24;AK PARTÝ;KIRÞEHÝR;1974.0
Muzaffer ASLAN;24;AK PARTÝ;KIRÞEHÝR;1968.0
Ahmet Salih DAL;24;AK PARTÝ;KÝLÝS;1971
Fuat KARAKUÞ;24;AK PARTÝ;KÝLÝS;1973
Azize Sibel GÖNÜL;24;AK PARTÝ;KOCAELÝ;1966.0
Fikri IÞIK;24;AK PARTÝ;KOCAELÝ;1965.0
Haydar AKAR;24;CHP;KOCAELÝ;1963
Hurþit GÜNEÞ;24;CHP;KOCAELÝ;1957
Ýlyas ÞEKER;24;AK PARTÝ;KOCAELÝ;1960.0
Lütfü TÜRKKAN;24;MHP;KOCAELÝ;1959.0
Mehmet Hilal KAPLAN;24;CHP;KOCAELÝ;1959.0
Muzaffer BAÞTOPÇU;24;AK PARTÝ;KOCAELÝ;1948
Nihat ERGÜN;24;AK PARTÝ;KOCAELÝ;1962.0
Zeki AYGÜN;24;AK PARTÝ;KOCAELÝ;1953.0
Ahmet DAVUTOÐLU;24;AK PARTÝ;KONYA;1959
Atilla KART;24;CHP;KONYA;1954.0
Ayþe TÜRKMENOÐLU;24;AK PARTÝ;KONYA;1965.0
Cem ZORLU;24;AK PARTÝ;KONYA;1963
Faruk BAL;24;MHP;KONYA;1950.0
Gülay SAMANCI;24;AK PARTÝ;KONYA;1977
Harun TÜFEKCÝ;24;AK PARTÝ;KONYA;1971
Hüseyin ÜZÜLMEZ;24;AK PARTÝ;KONYA;1957.0
Ýlhan YERLÝKAYA;24;AK PARTÝ;KONYA;1960
Kerim ÖZKUL;24;AK PARTÝ;KONYA;1959
Mustafa KALAYCI;24;MHP;KONYA;1960.0
Mustafa BALOÐLU;24;AK PARTÝ;KONYA;1967.0
Mustafa AKIÞ;24;AK PARTÝ;KONYA;1981.0
Mustafa KABAKCI;24;AK PARTÝ;KONYA;1954
Alim IÞIK;24;MHP;KÜTAHYA;1959
Hasan Fehmi KÝNAY;24;AK PARTÝ;KÜTAHYA;1964
Ýdris BAL;24;BAÐIMSIZ;KÜTAHYA;1968.0
Soner AKSOY;24;AK PARTÝ;KÜTAHYA;1941
Vural KAVUNCU;24;AK PARTÝ;KÜTAHYA;1966.0
Hüseyin Cemal AKIN;24;AK PARTÝ;MALATYA;1949.0
Mahmut Mücahit FINDIKLI;24;AK PARTÝ;MALATYA;1957
Mustafa ÞAHÝN;24;AK PARTÝ;MALATYA;1956.0
Ömer Faruk ÖZ;24;AK PARTÝ;MALATYA;1966
Öznur ÇALIK;24;AK PARTÝ;MALATYA;1965.0
Veli AÐBABA;24;CHP;MALATYA;1968
Erkan AKÇAY;24;MHP;MANÝSA;1961.0
Hasan ÖREN;24;CHP;MANÝSA;1953
Hüseyin TANRIVERDÝ;24;AK PARTÝ;MANÝSA;1956.0
Muzaffer YURTTAÞ;24;AK PARTÝ;MANÝSA;1967.0
Özgür ÖZEL;24;CHP;MANÝSA;1974.0
Recai BERBER;24;AK PARTÝ;MANÝSA;1959.0
Sakine ÖZ;24;CHP;MANÝSA;1964.0
Selçuk ÖZDAÐ;24;AK PARTÝ;MANÝSA;1958
Sümer ORAL;24;MHP;MANÝSA;1938.0
Uður AYDEMÝR;24;AK PARTÝ;MANÝSA;1967.0
Abdurrahim AKDAÐ;24;AK PARTÝ;MARDÝN;1960.0
Ahmet TÜRK;24;BAÐIMSIZ;MARDÝN;1942.0
Erol DORA;24;HDP;MARDÝN;1964.0
Gönül BEKÝN ÞAHKULUBEY;24;AK PARTÝ;MARDÝN;1970.0
Gülser YILDIRIM;24;HDP;MARDÝN;1963.0
Muammer GÜLER;24;AK PARTÝ;MARDÝN;1949.0
Ahmet Tevfik UZUN;24;AK PARTÝ;MERSÝN;1968.0
Ali ÖZ;24;MHP;MERSÝN;1968
Ali Rýza ÖZTÜRK;24;CHP;MERSÝN;1956
Aytuð ATICI;24;CHP;MERSÝN;1964.0
Çiðdem Münevver ÖKTEN;24;AK PARTÝ;MERSÝN;1961.0
Ertuðrul KÜRKCÜ;24;HDP;MERSÝN;1948
Ýsa GÖK;24;CHP;MERSÝN;1963
Mehmet ÞANDIR;24;MHP;MERSÝN;1947.0
Mehmet Zafer ÇAÐLAYAN;24;AK PARTÝ;MERSÝN;1957.0
Nebi BOZKURT;24;AK PARTÝ;MERSÝN;1950.0
Vahap SEÇER;24;CHP;MERSÝN;1963
Ali BOÐA;24;AK PARTÝ;MUÐLA;1949.0
Mehmet ERDOÐAN;24;MHP;MUÐLA;1956
Nurettin DEMÝR;24;CHP;MUÐLA;1953.0
Ömer Süha ALDAN;24;CHP;MUÐLA;1959.0
Tolga ÇANDAR;24;CHP;MUÐLA;1959
Yüksel ÖZDEN;24;AK PARTÝ;MUÐLA;1963
Demir ÇELÝK;24;HDP;MUÞ;1959.0
Faruk IÞIK;24;AK PARTÝ;MUÞ;1963.0
Muzaffer ÇAKAR;24;AK PARTÝ;MUÞ;1965.0
Sýrrý SAKÝK;24;BDP;MUÞ;1957.0
Ahmet Erdal FERALAN;24;AK PARTÝ;NEVÞEHÝR;1962.0
Ebubekir GÝZLÝGÝDER;24;AK PARTÝ;NEVÞEHÝR;1979.0
Murat GÖKTÜRK;24;AK PARTÝ;NEVÞEHÝR;1970.0
Alpaslan KAVAKLIOÐLU;24;AK PARTÝ;NÝÐDE;1962.0
Doðan ÞAFAK;24;CHP;NÝÐDE;1966.0
Ömer SELVÝ;24;AK PARTÝ;NÝÐDE;1976.0
Fatih Han ÜNAL;24;AK PARTÝ;ORDU;1968.0
Harun ÇAKIR;24;AK PARTÝ;ORDU;1954.0
Ýdris YILDIZ;24;CHP;ORDU;1950.0
Ýdris Naim ÞAHÝN;24;MÝLAD;ORDU;1956.0
Ýhsan ÞENER;24;AK PARTÝ;ORDU;1965
Mustafa HAMARAT;24;AK PARTÝ;ORDU;1972
Devlet BAHÇELÝ;24;MHP;OSMANÝYE;1948.0
Durdu Mehmet KASTAL;24;AK PARTÝ;OSMANÝYE;1969.0
Hasan Hüseyin TÜRKOÐLU;24;MHP;OSMANÝYE;1968.0
Suat ÖNAL;24;AK PARTÝ;OSMANÝYE;1961.0
Hasan KARAL;24;AK PARTÝ;RÝZE;1973.0
Hayati YAZICI;24;AK PARTÝ;RÝZE;1952.0
Nusret BAYRAKTAR;24;AK PARTÝ;RÝZE;1951.0
Ali Ýhsan YAVUZ;24;AK PARTÝ;SAKARYA;1969.0
Ayhan Sefer ÜSTÜN;24;AK PARTÝ;SAKARYA;1970.0
Ayþenur ÝSLAM;24;AK PARTÝ;SAKARYA;1958.0
Engin ÖZKOÇ;24;CHP;SAKARYA;1962.0
Hasan Ali ÇELÝK;24;AK PARTÝ;SAKARYA;1959.0
Münir KUTLUATA;24;MHP;SAKARYA;1946.0
Þaban DÝÞLÝ;24;AK PARTÝ;SAKARYA;1958.0
Ahmet YENÝ;24;AK PARTÝ;SAMSUN;1955.0
Ahmet Haluk KOÇ;24;CHP;SAMSUN;1954.0
Ahmet Ýhsan KALKAVAN;24;CHP;SAMSUN;1953.0
Akif Çaðatay KILIÇ;24;AK PARTÝ;SAMSUN;1976.0
Cemal Yýlmaz DEMÝR;24;AK PARTÝ;SAMSUN;1960.0
Cemalettin ÞÝMÞEK;24;MHP;SAMSUN;1954.0
Mustafa DEMÝR;24;AK PARTÝ;SAMSUN;1961
Suat KILIÇ;24;AK PARTÝ;SAMSUN;1972.0
Tülay BAKIR;24;AK PARTÝ;SAMSUN;1947
Afif DEMÝRKIRAN;24;AK PARTÝ;SÝÝRT;1952.0
Gültan KIÞANAK;24;BDP;SÝÝRT;1961.0
Osman ÖREN;24;AK PARTÝ;SÝÝRT;1966.0
Engin ALTAY;24;CHP;SÝNOP;1963.0
Mehmet ERSOY;24;AK PARTÝ;SÝNOP;1968
Ali TURAN;24;AK PARTÝ;SÝVAS;1959.0
Hilmi BÝLGÝN;24;AK PARTÝ;SÝVAS;1972
Ýsmet YILMAZ;24;AK PARTÝ;SÝVAS;1961.0
Malik Ecder ÖZDEMÝR;24;CHP;SÝVAS;1954
Mesude Nursuna MEMECAN;24;AK PARTÝ;SÝVAS;1957.0
Abdulkadir Emin ÖNEN;24;AK PARTÝ;ÞANLIURFA;1976.0
Abdulkerim GÖK;24;AK PARTÝ;ÞANLIURFA;1970.0
Faruk ÇELÝK;24;AK PARTÝ;ÞANLIURFA;1956.0
Halil ÖZCAN;24;AK PARTÝ;ÞANLIURFA;1964.0
Ýbrahim AYHAN;24;HDP;ÞANLIURFA;1968.0
Mahmut KAÇAR;24;AK PARTÝ;ÞANLIURFA;1975
Mehmet AKYÜREK;24;AK PARTÝ;ÞANLIURFA;1950.0
Mehmet Kasým GÜLPINAR;24;AK PARTÝ;ÞANLIURFA;1969.0
Seyit EYYÜPOÐLU;24;AK PARTÝ;ÞANLIURFA;1942.0
Yahya AKMAN;24;AK PARTÝ;ÞANLIURFA;1966.0
Zeynep Armaðan USLU;24;AK PARTÝ;ÞANLIURFA;1969
Faysal SARIYILDIZ;24;HDP;ÞIRNAK;1975.0
Hasip KAPLAN;24;HDP;ÞIRNAK;1954.0
Mehmet Emin DÝNDAR;24;AK PARTÝ;ÞIRNAK;1959
Selma IRMAK;24;HDP;ÞIRNAK;1971
Bülent BELEN;24;MHP;TEKÝRDAÐ;1956.0
Candan YÜCEER;24;CHP;TEKÝRDAÐ;1973.0
Emre KÖPRÜLÜ;24;CHP;TEKÝRDAÐ;1981.0
Faik ÖZTRAK;24;CHP;TEKÝRDAÐ;1954
Özlem BABADAÐ;24;AK PARTÝ;TEKÝRDAÐ;1971.0
Tevfik Ziyaeddin AKBULUT;24;AK PARTÝ;TEKÝRDAÐ;1949
Dilek YÜKSEL;24;AK PARTÝ;TOKAT;1977
Orhan DÜZGÜN;24;CHP;TOKAT;1967.0
Reþat DOÐRU;24;MHP;TOKAT;1955.0
Þükrü AYALAN;24;AK PARTÝ;TOKAT;1963.0
Zeyid ASLAN;24;AK PARTÝ;TOKAT;1965
Aydýn BIYIKLIOÐLU;24;AK PARTÝ;TRABZON;1954.0
Erdoðan BAYRAKTAR;24;AK PARTÝ;TRABZON;1948.0
Faruk Nafýz ÖZAK;24;AK PARTÝ;TRABZON;1946.0
Koray AYDIN;24;MHP;TRABZON;1955.0
Mehmet Volkan CANALÝOÐLU;24;CHP;TRABZON;1950.0
Safiye SEYMENOÐLU;24;AK PARTÝ;TRABZON;1964.0
Hüseyin AYGÜN;24;CHP;TUNCELÝ;1970.0
Kamer GENÇ;24;CHP;TUNCELÝ;1940.0
Dilek AKAGÜN;24;CHP;UÞAK;1963
Ýsmail GÜNEÞ;24;AK PARTÝ;UÞAK;1967.0
Mehmet ALTAY;24;AK PARTÝ;UÞAK;1972.0
Aysel TUÐLUK;24;HDP;VAN;1965.0
Burhan KAYATÜRK;24;AK PARTÝ;VAN;1970
Fatih ÇÝFTCÝ;24;AK PARTÝ;VAN;1971.0
Gülþen ORHAN;24;AK PARTÝ;VAN;1970.0
Kemal AKTAÞ;24;HDP;VAN;1958
Mustafa BÝLÝCÝ;24;AK PARTÝ;VAN;1969
Nazmi GÜR;24;HDP;VAN;1965
Özdal ÜÇER;24;HDP;VAN;1974.0
Muharrem ÝNCE;24;CHP;YALOVA;1964.0
Temel COÞKUN;24;AK PARTÝ;YALOVA;1956
Bekir BOZDAÐ;24;AK PARTÝ;YOZGAT;1965
Ertuðrul SOYSAL;24;AK PARTÝ;YOZGAT;1963.0
Sadir DURMAZ;24;MHP;YOZGAT;1963.0
Yusuf BAÞER;24;AK PARTÝ;YOZGAT;1965
Ali Ýhsan KÖKTÜRK;24;CHP;ZONGULDAK;1963.0
Ercan CANDAN;24;AK PARTÝ;ZONGULDAK;1967.0
Köksal TOPTAN;24;AK PARTÝ;ZONGULDAK;1943
Mehmet HABERAL;24;CHP;ZONGULDAK;1944
Özcan ULUPINAR;24;AK PARTÝ;ZONGULDAK;1970.0